"Date","LunarPhase","DailyTemp","Site","TotalCalls","TotalPreyRate"
2017-04-29,"New",16.38888889,20,76,1358
2017-04-30,"Waxing",18.88888889,44,258,464
2017-05-01,"Waxing",21.94444444,58,232,12
2017-05-02,"Waxing",23.61111111,108,232,526.67
2017-05-02,"Waxing",23.61111111,82,206,274
2017-05-03,"Waxing",24.72222222,108,222,2
2017-05-04,"Waxing",25.83333333,146,168,318.95
2017-05-05,"Waxing",28.33333333,146,215,7677.55
2017-05-06,"Waxing",28.61111111,160,213,136.14
2017-05-07,"Waxing",23.61111111,175,170,257
2017-05-09,"Full",18.33333333,216,188,1566
2017-05-10,"Full",18.33333333,244,230,502
2017-05-12,"Full",25,24,120,508.25
2017-05-13,"Full",25,52,204,1496.12
2017-05-16,"Waning",20.83333333,132,73,222.55
2017-05-20,"Waning",21.38888889,31,219,566.67
2017-05-22,"New",24.16666667,52,214,268
2017-05-23,"New",26.11111111,68,170,27.83
2017-05-25,"New",28.33333333,15,104,9.02
2017-05-27,"New",26.38888889,29,81,1050
2017-05-27,"New",26.38888889,132,169,57.27
2017-05-28,"New",26.94444444,53,193,572
2017-05-30,"Waxing",29.16666667,108,236,335
2017-05-31,"Waxing",28.61111111,139,237,460
2017-06-01,"Waxing",27.22222222,169,258,171
2017-06-08,"Full",30.83333333,52,267,2933.9
2017-06-08,"Full",30.83333333,24,170,1224
2017-06-09,"Full",31.38888889,0,123,1
2017-06-09,"Full",31.38888889,52,356,3610
2017-06-10,"Full",30.83333333,106,198,76.47
2017-06-11,"Full",30,38,157,854.9
2017-06-12,"Full",27.77777778,53,235,470.8
2017-06-13,"Waning",28.05555556,76,288,207.08
2017-06-13,"Waning",28.05555556,178,195,1343
2017-06-14,"Waning",27.77777778,88,218,75.7
2017-06-14,"Waning",27.77777778,202,250,2786.27
2017-06-15,"Waning",30.55555556,97,159,192.52
2017-06-15,"Waning",30.55555556,226,230,1532
2017-06-15,"Waning",30.55555556,11,162,1169
2017-06-16,"Waning",31.66666667,120,205,140
2017-06-16,"Waning",31.66666667,24,52,171.3
2017-06-16,"Waning",31.66666667,21,123,989
2017-06-17,"Waning",33.05555556,132,5,141.24
2017-06-17,"Waning",33.05555556,40,99,495.24
2017-06-17,"Waning",33.05555556,40,99,130.1
2017-06-18,"Waning",35,48,74,1269.47
2017-06-19,"Waning",36.66666667,165,166,533.01
2017-06-19,"Waning",36.66666667,59,69,439.09
2017-06-20,"Waning",36.94444444,190,159,13
2017-06-20,"Waning",36.94444444,65,65,741
2017-06-21,"New",35.83333333,224,119,757.01
2017-06-21,"New",35.83333333,97,16,103.7
2017-06-21,"New",35.83333333,85,63,1041.9
2017-06-21,"New",35.83333333,-3,125,1094
2017-06-22,"New",36.38888889,97,88,739
2017-06-22,"New",36.38888889,-3,160,83
2017-06-23,"New",35.27777778,11,227,286.73
2017-06-24,"New",35.83333333,146,142,1289.22
2017-06-24,"New",35.83333333,123,93,51.46
2017-06-26,"New",33.88888889,0,221,111.76
2017-06-27,"New",34.44444444,183,231,59
2017-06-27,"New",34.44444444,88,221,972.73
2017-06-27,"New",34.44444444,17,190,1624.27
2017-06-29,"Waxing",33.33333333,39,85,594.9
2017-06-30,"Waxing",33.33333333,14,231,55.24
2017-06-30,"Waxing",33.33333333,54,243,219
2017-07-01,"Waxing",33.61111111,32,125,284.78
2017-07-01,"Waxing",33.61111111,146,233,2532
2017-07-01,"Waxing",33.61111111,66,89,181.9
2017-07-01,"Waxing",33.61111111,11,152,2385
2017-07-02,"Waxing",34.72222222,48,191,21.51
2017-07-02,"Waxing",34.72222222,94,125,561.68
2017-07-02,"Waxing",34.72222222,21,69,395.1
2017-07-03,"Waxing",34.16666667,108,84,548
2017-07-03,"Waxing",34.16666667,65,148,419.42
2017-07-03,"Waxing",34.16666667,119,186,549.02
2017-07-03,"Waxing",34.16666667,35,98,732
2017-07-04,"Waxing",34.44444444,132,94,1576.53
2017-07-05,"Waxing",35,76,110,89
2017-07-05,"Waxing",35,145,68,631
2017-07-05,"Waxing",35,76,110,880
2017-07-05,"Waxing",35,108,22,1978.89
2017-07-05,"Waxing",35,135,137,357.28
2017-07-06,"Full",35,168,252,227.27
2017-07-06,"Full",35,121,178,409.57
2017-07-06,"Full",35,138,174,1963.11
2017-07-07,"Full",35.83333333,99,124,145.16
2017-07-07,"Full",35.83333333,165,115,87.38
2017-07-08,"Full",35.83333333,209,118,467.35
2017-07-08,"Full",35.83333333,109,21,56.07
2017-07-08,"Full",35.83333333,146,102,221.82
2017-07-08,"Full",35.83333333,17,152,797.2
2017-07-08,"Full",35.83333333,188,122,346.6
2017-07-09,"Full",34.16666667,119,73,9092
2017-07-09,"Full",34.16666667,31,99,1316.67
2017-07-09,"Full",34.16666667,216,24,108
2017-07-10,"Full",34.16666667,132,291,1198.98
2017-07-10,"Full",34.16666667,180,102,1137.63
2017-07-10,"Full",34.16666667,48,239,133.33
2017-07-10,"Full",34.16666667,163,198,982
2017-07-11,"Full",30.55555556,146,121,6376
2017-07-11,"Full",30.55555556,66,131,312
2017-07-11,"Full",30.55555556,163,165,193.33
2017-07-12,"Full",30.83333333,88,183,1519
2017-07-13,"Waning",32.5,12,198,760
2017-07-14,"Waning",34.44444444,119,172,543
2017-07-14,"Waning",34.44444444,199,85,113
2017-07-14,"Waning",34.44444444,0,213,618
2017-07-15,"Waning",35,220,46,847
2017-07-16,"Waning",35.83333333,242,119,167
2017-07-16,"Waning",35.83333333,30,128,44
2017-07-17,"Waning",34.44444444,48,214,58
2017-07-17,"Waning",34.44444444,58,115,744
2017-07-18,"Waning",34.16666667,279,113,1554
2017-07-19,"Waning",30.27777778,44,150,221
2017-07-19,"Waning",30.27777778,68,102,637
2017-07-19,"Waning",30.27777778,85,151,85.19
2017-07-20,"New",30.27777778,63,73,368.63
2017-07-20,"New",30.27777778,88,177,970.41
2017-07-21,"New",30.83333333,21,259,614
2017-07-21,"New",30.83333333,86,134,1421
2017-07-21,"New",30.83333333,94,125,1503.06
2017-07-22,"New",33.33333333,54,260,95
2017-07-22,"New",33.33333333,119,248,256
2017-07-22,"New",33.33333333,121,51,62.83
2017-07-23,"New",33.05555556,94,234,411
2017-07-23,"New",33.05555556,121,177,187.25
2017-07-23,"New",33.05555556,133,182,285.44
2017-07-23,"New",33.05555556,137,98,1312.04
2017-07-24,"New",30,149,243,6.86
2017-07-25,"New",29.16666667,138,240,1057.28
2017-07-25,"New",29.16666667,158,162,732
2017-07-25,"New",29.16666667,165,105,5
2017-07-25,"New",29.16666667,159,155,398.23
2017-07-26,"New",29.44444444,53,231,401
2017-07-26,"New",29.44444444,189,196,141
2017-07-27,"New",30,199,140,130.61
2017-07-27,"New",30,222,143,601
2017-07-28,"Waxing",30.55555556,222,173,77.78
2017-08-02,"Waxing",31.94444444,0,245,477
2017-08-08,"Full",32.22222222,35,276,1214.29
2017-08-09,"Full",32.5,50,176,347.57
2017-08-10,"Full",32.5,66,115,393
2017-08-11,"Waning",33.88888889,44,30,58.47
2017-08-12,"Waning",29.16666667,19,110,580.37
2017-08-12,"Waning",29.16666667,70,155,353
2017-08-12,"Waning",29.16666667,68,151,6569.61
2017-08-13,"Waning",28.33333333,35,136,407.22
2017-08-13,"Waning",28.33333333,95,140,856.31
2017-08-13,"Waning",28.33333333,119,228,119
2017-08-14,"Waning",30.27777778,119,182,100
2017-08-14,"Waning",30.27777778,52,206,31
2017-08-14,"Waning",30.27777778,17,51,487
2017-08-14,"Waning",30.27777778,0,143,401.9
2017-08-15,"Waning",29.72222222,68,102,119
2017-08-15,"Waning",29.72222222,110,132,762.14
2017-08-15,"Waning",29.72222222,35,217,1069.9
2017-08-15,"Waning",29.72222222,19,163,687.76
2017-08-15,"Waning",29.72222222,159,69,580
2017-08-16,"Waning",28.33333333,88,248,214
2017-08-16,"Waning",28.33333333,58,253,155.79
2017-08-16,"Waning",28.33333333,32,220,644.66
2017-08-17,"Waning",30.55555556,92,168,218.63
2017-08-17,"Waning",30.55555556,138,157,538.24
2017-08-17,"Waning",30.55555556,88,261,473
2017-08-18,"Waning",31.94444444,110,150,379.41
2017-08-18,"Waning",31.94444444,149,102,522
2017-08-18,"Waning",31.94444444,53,225,50.44
2017-08-19,"New",32.22222222,31,105,505.98
2017-08-19,"New",32.22222222,169,105,263
2017-08-19,"New",32.22222222,66,185,703.7
2017-08-20,"New",31.66666667,34,143,474
2017-08-20,"New",31.66666667,132,122,121.36
2017-08-20,"New",31.66666667,88,106,877.78
2017-08-21,"New",30.83333333,167,80,1606.56
2017-08-21,"New",30.83333333,50,114,904
2017-08-21,"New",30.83333333,216,104,430
2017-08-21,"New",30.83333333,146,151,124
2017-08-22,"New",31.66666667,64,153,133.33
2017-08-22,"New",31.66666667,158,80,527.43
2017-08-22,"New",31.66666667,120,163,1148.24
2017-08-23,"New",30.27777778,64,22,428
2017-08-23,"New",30.27777778,180,62,214.81
2017-08-23,"New",30.27777778,133,10,185
2017-08-23,"New",30.27777778,8,131,871
2017-08-24,"New",30,93,111,446
2017-08-24,"New",30,209,242,193.46
2017-08-24,"New",30,138,112,592.59
2017-08-24,"New",30,21,121,44.09
2017-08-25,"New",30.27777778,109,159,89
2017-08-25,"New",30.27777778,159,33,324.78
2017-08-25,"New",30.27777778,39,157,425
2017-08-26,"Waxing",32.22222222,115,228,830.36
2017-08-26,"Waxing",32.22222222,175,161,512.17
2017-08-26,"Waxing",32.22222222,57,9,435
2017-08-27,"Waxing",33.05555556,127,204,307
2017-08-27,"Waxing",33.05555556,199,252,27.27
2017-08-27,"Waxing",33.05555556,75,2,146.3
2017-08-28,"Waxing",33.33333333,220,209,70.48
2017-08-29,"Waxing",33.05555556,54,227,1764.95
2017-08-29,"Waxing",33.05555556,169,116,260
2017-08-30,"Waxing",32.5,124,71,161
2017-08-31,"Waxing",33.05555556,88,165,1759.22
2017-08-31,"Waxing",33.05555556,210,40,246.88
2017-08-31,"Waxing",33.05555556,139,306,76
2017-09-01,"Waxing",31.94444444,30,139,545.63
2017-09-01,"Waxing",31.94444444,214,120,981
2017-09-02,"Waxing",32.5,180,198,96
2017-09-03,"Full",33.88888889,97,90,285.05
2017-09-03,"Full",33.88888889,190,280,286.96
2017-09-04,"Full",33.33333333,121,94,220.39
2017-09-04,"Full",33.33333333,209,120,2022.12
2017-09-04,"Full",33.33333333,17,228,173.91
2017-09-05,"Full",32.5,224,35,60
2017-09-05,"Full",32.5,31,173,98.15
2017-09-08,"Full",28.05555556,0,261,506
2017-09-08,"Full",28.05555556,88,69,385
2017-09-09,"Full",25,17,288,106
2017-09-09,"Full",25,99,221,283
2017-09-10,"Waning",27.77777778,120,117,2004
2017-09-10,"Waning",27.77777778,41,223,2100
2017-09-11,"Waning",30,134,140,105.88
2017-09-11,"Waning",30,18,236,1326
2017-09-11,"Waning",30,52,228,153
2017-09-12,"Waning",30.83333333,138,171,290.27
2017-09-12,"Waning",30.83333333,66,71,739
2017-09-12,"Waning",30.83333333,39,80,93
2017-09-13,"Waning",30,152,62,151.33
2017-09-13,"Waning",30,29,287,877
2017-09-14,"Waning",26.11111111,165,67,566
2017-09-14,"Waning",26.11111111,138,264,985
2017-09-14,"Waning",26.11111111,0,192,3319.13
2017-09-14,"Waning",26.11111111,47,203,2733
2017-09-15,"Waning",24.44444444,165,44,5610
2017-09-15,"Waning",24.44444444,14,64,41.41
2017-09-15,"Waning",24.44444444,53,216,145.3
2017-09-16,"Waning",25.83333333,214,148,927.18
2017-09-16,"Waning",25.83333333,190,98,2283.33
2017-09-16,"Waning",25.83333333,68,184,248
2017-09-17,"New",25.83333333,220,167,86
2017-09-17,"New",25.83333333,0,158,9
2017-09-17,"New",25.83333333,88,190,99.03
2017-09-18,"New",26.38888889,14,214,2.36
2017-09-18,"New",26.38888889,63,166,11.76
2017-09-20,"New",26.94444444,149,132,2090.72
2017-09-20,"New",26.94444444,48,243,146.09
2017-09-21,"New",27.5,63,37,194.55
2017-09-22,"New",25,192,187,916.49
2017-09-24,"New",20,119,163,1169
2017-09-24,"New",20,181,216,572.45
2017-09-25,"Waxing",19.44444444,194,335,54
2017-09-26,"Waxing",23.61111111,149,58,1.41
2017-09-26,"Waxing",23.61111111,208,164,846.36
2017-09-28,"Waxing",23.05555556,35,147,515
2017-09-28,"Waxing",23.05555556,180,110,32.04
2017-09-28,"Waxing",23.05555556,19,124,174.07
2017-09-29,"Waxing",25.55555556,195,175,508.41
2017-09-30,"Waxing",26.11111111,64,24,16.81
2017-10-01,"Waxing",26.11111111,64,15,619
2017-10-02,"Full",26.38888889,64,25,420
2017-10-03,"Full",26.38888889,108,72,1440.82
2017-10-04,"Full",25.55555556,44,236,35.65
2017-10-05,"Full",26.38888889,64,63,44
2017-10-06,"Full",23.88888889,14,237,108.66
2017-10-07,"Full",21.11111111,146,107,27.37
2017-10-07,"Full",21.11111111,32,230,21.57
2017-10-09,"Full",22.22222222,180,36,210
2017-10-09,"Full",22.22222222,30,51,47
2017-10-11,"Waning",21.11111111,53,170,450
2017-10-12,"Waning",23.88888889,121,188,10.87
2017-10-12,"Waning",23.88888889,66,149,53.4
2017-10-13,"Waning",23.05555556,76,51,60
2017-10-15,"Waning",19.16666667,109,308,508.74
2017-10-16,"Waning",20,119,183,3257.84
2017-10-17,"New",20.55555556,134,137,608.18
2017-10-18,"New",20.55555556,137,78,171.82
2017-10-19,"New",22.77777778,92,183,70.37
2017-10-19,"New",22.77777778,152,53,234.55
2017-10-20,"New",24.44444444,109,188,50.48
2017-10-20,"New",24.44444444,169,30,617
2017-10-21,"New",21.80555556,109,216,150.4
2017-10-21,"New",21.80555556,192,73,126.5
2017-10-22,"New",19.16666667,132,194,805.88
2017-10-25,"Waxing",21.11111111,175,145,39.82
2017-10-26,"Waxing",20.83333333,195,185,77
2017-10-27,"Waxing",19.44444444,220,259,55
2018-04-01,"Full",22.5,0,202,954.55
2018-04-02,"Full",22.22222222,11,155,1607.77
2018-04-03,"Full",20.55555556,19,227,6575
2018-04-03,"Full",20.55555556,34,235,0.88
2018-04-04,"Full",19.44444444,38,210,4224.07
2018-04-04,"Full",19.44444444,17,226,367
2018-04-04,"Full",19.44444444,41,84,446.08
2018-04-05,"Waning",21.66666667,31,26,1604.85
2018-04-05,"Waning",21.66666667,48,166,363.73
2018-04-05,"Waning",21.66666667,53,188,1016.95
2018-04-06,"Waning",26.11111111,41,141,462
2018-04-06,"Waning",26.11111111,75,14,955
2018-04-07,"Waning",28.05555556,54,105,446
2018-04-07,"Waning",28.05555556,66,30,130
2018-04-08,"Waning",24.44444444,85,219,306
2018-04-08,"Waning",24.44444444,82,226,1049
2018-04-09,"Waning",22.22222222,76,132,1524.76
2018-04-09,"Waning",22.22222222,97,209,357
2018-04-09,"Waning",22.22222222,92,228,152.43
2018-04-09,"Waning",22.22222222,109,216,24.78
2018-04-09,"Waning",22.22222222,108,116,88.52
2018-04-10,"Waning",23.33333333,92,187,877
2018-04-10,"Waning",23.33333333,109,56,3.2
2018-04-10,"Waning",23.33333333,108,195,193.14
2018-04-10,"Waning",23.33333333,123,218,213
2018-04-10,"Waning",23.33333333,112,102,179
2018-04-11,"Waning",24.72222222,134,140,80.91
2018-04-11,"Waning",24.72222222,119,171,246.6
2018-04-11,"Waning",24.72222222,108,207,206.84
2018-04-11,"Waning",24.72222222,133,65,1908.04
2018-04-11,"Waning",24.72222222,118,118,89.52
2018-04-11,"Waning",24.72222222,19,211,333.33
2018-04-12,"New",25,127,30,57.28
2018-04-12,"New",25,11,65,1576
2018-04-12,"New",25,0,27,72.55
2018-04-13,"New",21.11111111,132,15,291
2018-04-13,"New",21.11111111,134,26,338
2018-04-13,"New",21.11111111,151,5,399.02
2018-04-13,"New",21.11111111,30,164,61
2018-04-13,"New",21.11111111,62,40,943.93
2018-04-13,"New",21.11111111,12,30,289.22
2018-04-14,"New",19.72222222,135,160,19.63
2018-04-14,"New",19.72222222,138,225,52.43
2018-04-14,"New",19.72222222,44,217,32.04
2018-04-14,"New",19.72222222,24,109,34.29
2018-04-15,"New",20.55555556,149,214,192
2018-04-15,"New",20.55555556,145,216,178.43
2018-04-15,"New",20.55555556,180,227,361.22
2018-04-15,"New",20.55555556,132,196,302.94
2018-04-15,"New",20.55555556,38,234,60.78
2018-04-16,"New",24.44444444,200,182,8641.88
2018-04-16,"New",24.44444444,165,53,704.85
2018-04-16,"New",24.44444444,169,63,123.3
2018-04-16,"New",24.44444444,66,171,68.57
2018-04-16,"New",24.44444444,48,36,4472.82
2018-04-17,"New",19.44444444,188,173,1659.09
2018-04-17,"New",19.44444444,88,151,121.82
2018-04-17,"New",19.44444444,57,97,20.49
2018-04-18,"New",18.88888889,201,204,2928.57
2018-04-18,"New",18.88888889,216,190,429
2018-04-18,"New",18.88888889,92,108,241
2018-04-18,"New",18.88888889,66,192,659
2018-04-18,"New",18.88888889,63,114,1891.82
2018-04-19,"Waxing",17.77777778,109,122,1328.05
2018-04-19,"Waxing",17.77777778,205,153,653.4
2018-04-19,"Waxing",17.77777778,72,47,1226.36
2018-04-20,"Waxing",14.72222222,242,165,1648.54
2018-04-20,"Waxing",14.72222222,228,174,389.47
2018-04-20,"Waxing",14.72222222,0,73,3398
2018-04-20,"Waxing",14.72222222,92,99,504
2018-04-20,"Waxing",14.72222222,76,16,254
2018-04-21,"Waxing",17.5,253,151,11.43
2018-04-21,"Waxing",17.5,17,238,304
2018-04-21,"Waxing",17.5,110,165,772.82
2018-04-21,"Waxing",17.5,97,215,24.39
2018-04-22,"Waxing",20,31,234,1879.09
2018-04-22,"Waxing",20,124,224,246.3
2018-04-22,"Waxing",20,108,169,2139.22
2018-04-23,"Waxing",24.16666667,41,149,869
2018-04-23,"Waxing",24.16666667,132,200,863.11
2018-04-23,"Waxing",24.16666667,108,186,300
2018-04-24,"Waxing",24.44444444,138,241,6
2018-04-24,"Waxing",24.44444444,53,222,888.39
2018-04-24,"Waxing",24.44444444,138,241,1082
2018-04-24,"Waxing",24.44444444,134,173,62.96
2018-04-25,"Waxing",26.66666667,68,240,258.25
2018-04-25,"Waxing",26.66666667,149,213,2200.93
2018-04-25,"Waxing",26.66666667,165,148,192.52
2018-04-26,"Waxing",25.83333333,88,175,222.86
2018-04-26,"Waxing",25.83333333,34,172,1938.78
2018-04-26,"Waxing",25.83333333,165,112,3751.02
2018-04-26,"Waxing",25.83333333,189,139,1183.33
2018-04-27,"Full",26.94444444,17,180,3718.1
2018-04-27,"Full",26.94444444,41,101,307
2018-04-27,"Full",26.94444444,181,215,313.04
2018-04-27,"Full",26.94444444,213,165,877.88
2018-04-28,"Full",26.11111111,110,43,50
2018-04-28,"Full",26.11111111,32,312,63
2018-04-28,"Full",26.11111111,62,142,8.47
2018-04-28,"Full",26.11111111,199,204,277.45
2018-04-29,"Full",26.38888889,132,193,16.49
2018-04-29,"Full",26.38888889,85,137,101.03
2018-04-29,"Full",26.38888889,48,163,940.17
2018-04-29,"Full",26.38888889,222,196,249.51
2018-04-29,"Full",26.38888889,251,189,1426.67
2018-04-30,"Full",24.16666667,139,248,9.35
2018-04-30,"Full",24.16666667,96,42,360
2018-05-01,"Full",21.94444444,146,54,1393.14
2018-05-01,"Full",21.94444444,110,27,722.55
2018-05-01,"Full",21.94444444,85,77,1200
2018-05-01,"Full",21.94444444,25,83,586.27
2018-05-02,"Full",14.72222222,169,120,1240.95
2018-05-02,"Full",14.72222222,119,32,341.59
2018-05-03,"Full",19.16666667,199,196,16
2018-05-03,"Full",19.16666667,126,194,88.57
2018-05-03,"Full",19.16666667,53,165,550.49
2018-05-04,"Waning",21.11111111,169,166,1918.18
2018-05-04,"Waning",21.11111111,220,217,4
2018-05-04,"Waning",21.11111111,132,227,574.76
2018-05-04,"Waning",21.11111111,0,144,1131.11
2018-05-04,"Waning",21.11111111,65,171,26.85
2018-05-05,"Waning",24.44444444,11,197,2689.6
2018-05-05,"Waning",24.44444444,85,206,258.25
2018-05-05,"Waning",24.44444444,195,174,24.49
2018-05-05,"Waning",24.44444444,-6,160,885.05
2018-05-06,"Waning",25.83333333,231,143,77.27
2018-05-06,"Waning",25.83333333,21,141,952.78
2018-05-07,"Waning",28.05555556,270,179,730
2018-05-07,"Waning",28.05555556,186,306,22.43
2018-05-07,"Waning",28.05555556,36,118,142.86
2018-05-07,"Waning",28.05555556,115,249,1716.5
2018-05-08,"Waning",27.77777778,52,191,1175.26
2018-05-08,"Waning",27.77777778,133,229,160
2018-05-09,"Waning",28.05555556,52,203,530.1
2018-05-09,"Waning",28.05555556,146,159,589.81
2018-05-10,"Waning",29.72222222,66,181,35.71
2018-05-10,"Waning",29.72222222,172,215,481
2018-05-10,"Waning",29.72222222,53,74,109
2018-05-11,"Waning",25.55555556,77,180,129
2018-05-11,"Waning",25.55555556,199,167,640.95
2018-05-11,"Waning",25.55555556,64,17,265.71
2018-05-12,"New",25.55555556,99,135,76.47
2018-05-12,"New",25.55555556,222,192,37.04
2018-05-12,"New",25.55555556,93,83,1054.9
2018-05-12,"New",25.55555556,0,8,106.12
2018-05-13,"New",23.33333333,64,97,1344
2018-05-13,"New",23.33333333,119,160,186.32
2018-05-13,"New",23.33333333,240,153,105
2018-05-14,"New",24.44444444,132,122,1309.45
2018-05-14,"New",24.44444444,123,219,283.33
2018-05-14,"New",24.44444444,19,149,269
2018-05-14,"New",24.44444444,64,154,489.13
2018-05-15,"New",25,64,159,2.73
2018-05-15,"New",25,146,190,202.8
2018-05-15,"New",25,132,234,319.49
2018-05-15,"New",25,45,125,779.41
2018-05-15,"New",25,48,134,1239
2018-05-15,"New",25,31,168,286.73
2018-05-15,"New",25,31,168,417.48
2018-05-16,"New",26.11111111,64,69,618
2018-05-16,"New",26.11111111,152,209,666.67
2018-05-16,"New",26.11111111,53,199,230.48
2018-05-16,"New",26.11111111,48,114,681.37
2018-05-17,"New",26.94444444,64,66,984.82
2018-05-17,"New",26.94444444,183,221,2020.3
2018-05-17,"New",26.94444444,167,148,910.19
2018-05-17,"New",26.94444444,65,166,1987.25
2018-05-17,"New",26.94444444,121,71,502.11
2018-05-18,"New",25.83333333,64,225,750
2018-05-18,"New",25.83333333,199,227,80.37
2018-05-18,"New",25.83333333,190,244,400
2018-05-18,"New",25.83333333,88,188,624.51
2018-05-18,"New",25.83333333,27,4,263
2018-05-19,"Waxing",26.11111111,220,166,269.9
2018-05-19,"Waxing",26.11111111,220,166,29
2018-05-19,"Waxing",26.11111111,97,239,946.9
2018-05-19,"Waxing",26.11111111,180,144,718.95
2018-05-19,"Waxing",26.11111111,50,136,434.55
2018-05-20,"Waxing",27.22222222,243,218,128.21
2018-05-20,"Waxing",27.22222222,109,143,31.48
2018-05-20,"Waxing",27.22222222,120,171,1142.99
2018-05-21,"Waxing",25.83333333,132,222,634.75
2018-05-21,"Waxing",25.83333333,138,150,620.56
2018-05-22,"Waxing",23.88888889,212,172,545.13
2018-05-22,"Waxing",23.88888889,138,222,1167.27
2018-05-22,"Waxing",23.88888889,159,153,509
2018-05-23,"Waxing",25.27777778,212,205,570
2018-05-23,"Waxing",25.27777778,159,291,1064.08
2018-05-23,"Waxing",25.27777778,183,184,221.5
2018-05-24,"Waxing",27.5,212,139,93
2018-05-24,"Waxing",27.5,180,172,1531.78
2018-05-24,"Waxing",27.5,209,210,1151.96
2018-05-25,"Waxing",28.05555556,199,207,418
2018-05-25,"Waxing",28.05555556,31,219,70.48
2018-05-25,"Waxing",28.05555556,231,164,52.58
2018-05-26,"Full",26.11111111,220,247,7.14
2018-05-26,"Full",26.11111111,212,175,202.86
2018-05-26,"Full",26.11111111,57,178,2211.82
2018-05-26,"Full",26.11111111,251,122,1984.76
2018-05-28,"Full",25.55555556,35,240,494.17
2018-05-28,"Full",25.55555556,17,244,1439.25
2018-05-28,"Full",25.55555556,92,59,90.53
2018-05-29,"Full",28.33333333,52,246,622.61
2018-05-29,"Full",28.33333333,31,197,470.91
2018-05-29,"Full",28.33333333,120,128,157.14
2018-05-29,"Full",28.33333333,226,298,1146
2018-05-30,"Full",29.72222222,52,148,4437
2018-05-30,"Full",29.72222222,47,195,776.7
2018-05-30,"Full",29.72222222,138,227,392.03
2018-05-30,"Full",29.72222222,229,192,908
2018-05-31,"Full",28.88888889,66,206,281.48
2018-05-31,"Full",28.88888889,64,71,399.21
2018-06-01,"Full",28.05555556,88,184,1072.73
2018-06-01,"Full",28.05555556,88,184,2849.59
2018-06-02,"Full",30,98,184,4651.82
2018-06-02,"Full",30,97,36,3620.56
2018-06-03,"Waning",30.55555556,120,109,588.79
2018-06-04,"Waning",31.38888889,138,192,641.12
2018-06-04,"Waning",31.38888889,0,192,177.45
2018-06-05,"Waning",32.22222222,12,206,2396.8
2018-06-05,"Waning",32.22222222,133,199,23.3
2018-06-05,"Waning",32.22222222,159,38,164.49
2018-06-06,"Waning",32.22222222,183,224,450
2018-06-06,"Waning",32.22222222,30,238,1516.19
2018-06-07,"Waning",30,213,68,388
2018-06-08,"Waning",30.55555556,52,220,243.93
2018-06-09,"Waning",31.94444444,183,227,658
2018-06-09,"Waning",31.94444444,65,223,934.69
2018-06-10,"New",30.83333333,88,141,2996.12
2018-06-12,"New",31.94444444,108,174,1220.56
2018-06-13,"New",31.94444444,125,231,520.59
2018-06-14,"New",33.33333333,14,274,351.46
2018-06-14,"New",33.33333333,138,201,31.48
2018-06-16,"New",30,38,193,1886.67
2018-06-16,"New",30,176,204,367.96
2018-06-17,"New",28.61111111,50,188,415.31
2018-06-17,"New",28.61111111,17,77,5067.65
2018-06-17,"New",28.61111111,64,106,189
2018-06-18,"Waxing",29.16666667,220,153,3127.18
2018-06-18,"Waxing",29.16666667,57,222,1325
2018-06-18,"Waxing",29.16666667,31,222,1262.4
2018-06-19,"Waxing",30,66,248,50
2018-06-20,"Waxing",31.38888889,85,164,387.78
2018-06-20,"Waxing",31.38888889,65,158,260.95
2018-06-21,"Waxing",33.33333333,92,179,55.88
2018-06-21,"Waxing",33.33333333,88,238,360
2018-06-21,"Waxing",33.33333333,92,179,59
2018-06-22,"Waxing",34.16666667,24,144,469.9
2018-06-22,"Waxing",34.16666667,96,111,2284.69
2018-06-23,"Waxing",33.61111111,121,317,1014.71
2018-06-23,"Waxing",33.61111111,48,169,590.6
2018-06-23,"Waxing",33.61111111,115,165,1782.86
2018-06-24,"Waxing",34.16666667,0,231,942.06
2018-06-24,"Waxing",34.16666667,127,196,6235.24
2018-06-24,"Waxing",34.16666667,64,69,1434.26
2018-06-25,"Full",33.33333333,146,156,68.85
2018-06-25,"Full",33.33333333,156,85,227.1
2018-06-26,"Full",34.16666667,138,167,188.35
2018-06-26,"Full",34.16666667,185,91,726.53
2018-06-26,"Full",34.16666667,31,160,1595.33
2018-06-27,"Full",34.72222222,167,2,70.48
2018-06-27,"Full",34.72222222,41,110,259.81
2018-06-27,"Full",34.72222222,183,180,1260.75
2018-06-28,"Full",33.88888889,220,206,236.89
2018-06-28,"Full",33.88888889,48,163,210.78
2018-06-28,"Full",33.88888889,213,57,1729.09
2018-06-29,"Full",29.72222222,66,132,338
2018-06-30,"Full",26.11111111,88,157,370.1
2018-06-30,"Full",26.11111111,212,185,335
2018-07-01,"Full",41.66666667,212,135,22.22
2018-07-02,"Waning",34.16666667,24,252,1657
2018-07-02,"Waning",34.16666667,108,178,20
2018-07-02,"Waning",34.16666667,17,182,803.2
2018-07-03,"Waning",32.5,48,312,357.41
2018-07-03,"Waning",32.5,119,187,831.37
2018-07-03,"Waning",32.5,31,109,1115.63
2018-07-03,"Waning",32.5,17,198,2457.28
2018-07-04,"Waning",31.94444444,132,117,2173.2
2018-07-04,"Waning",31.94444444,44,104,278.18
2018-07-04,"Waning",31.94444444,29,218,514.56
2018-07-05,"Waning",34.16666667,119,63,229
2018-07-05,"Waning",34.16666667,139,196,104.76
2018-07-05,"Waning",34.16666667,45,162,116.36
2018-07-06,"Waning",36.38888889,165,136,263.89
2018-07-06,"Waning",36.38888889,54,118,1314.74
2018-07-07,"Waning",33.88888889,165,110,20.77
2018-07-07,"Waning",33.88888889,192,30,6467.65
2018-07-07,"Waning",33.88888889,97,144,1124.35
2018-07-07,"Waning",33.88888889,68,98,129.41
2018-07-08,"Waning",34.16666667,209,80,133.64
2018-07-08,"Waning",34.16666667,120,197,41.75
2018-07-08,"Waning",34.16666667,92,39,636
2018-07-10,"New",31.11111111,165,95,522
2018-07-11,"New",31.11111111,135,134,826.21
2018-07-12,"New",27.22222222,213,83,819.61
2018-07-12,"New",27.22222222,149,104,1822.55
2018-07-13,"New",28.05555556,165,44,866.07
2018-07-14,"New",29.72222222,176,136,269.9
2018-07-14,"New",29.72222222,34,148,27
2018-07-15,"New",30.27777778,44,127,483.51
2018-07-16,"New",31.11111111,222,199,74.29
2018-07-19,"Waxing",33.33333333,99,101,1444
2018-07-20,"Waxing",33.05555556,115,238,203.7
2018-07-20,"Waxing",33.05555556,0,221,353
2018-07-21,"Waxing",31.38888889,126,174,191.07
2018-07-21,"Waxing",31.38888889,20,134,691.59
2018-07-22,"Waxing",31.11111111,35,144,928.32
2018-07-22,"Waxing",31.11111111,134,204,39
2018-07-23,"Waxing",33.88888889,151,272,66.99
2018-07-23,"Waxing",33.88888889,19,110,1499
2018-07-23,"Waxing",33.88888889,48,290,2406.54
2018-07-24,"Full",33.05555556,31,89,79
2018-07-24,"Full",33.05555556,63,108,860.19
2018-07-25,"Full",33.88888889,76,35,570
2018-07-27,"Full",34.72222222,99,40,1899.19
2018-07-28,"Full",34.16666667,121,97,2430.48
2018-07-29,"Full",33.61111111,134,77,992
2018-07-30,"Full",33.61111111,135,64,78.31
2018-07-31,"Full",35.27777778,159,135,203.7
2018-08-02,"Waning",32.5,222,123,508.82
2018-08-06,"Waning",33.05555556,19,176,473.64
2018-08-07,"Waning",33.05555556,41,141,178.64
2018-08-09,"New",34.16666667,85,70,593
2018-08-12,"New",31.38888889,132,115,385
2018-08-13,"New",33.05555556,-11,125,85.45
2018-08-13,"New",33.05555556,146,35,297
2018-08-14,"New",33.05555556,-11,73,145.08
2018-08-14,"New",33.05555556,20,94,1431.63
2018-08-14,"New",33.05555556,165,21,80.53
2018-08-15,"New",30.83333333,-6,43,1797.6
2018-08-15,"New",30.83333333,183,123,391.67
2018-08-16,"Waxing",32.77777778,44,79,185.44
2018-08-16,"Waxing",32.77777778,215,68,1630.43
2018-08-17,"Waxing",31.66666667,53,194,159.18
2018-08-18,"Waxing",31.94444444,66,195,76.64
2018-08-19,"Waxing",32.77777778,88,151,95.76
2018-08-19,"Waxing",32.77777778,52,161,108.6
2018-08-19,"Waxing",32.77777778,61,31,1200
2018-08-20,"Waxing",34.72222222,97,62,20
2018-08-20,"Waxing",34.72222222,71,96,90.82
2018-08-22,"Waxing",24.16666667,133,152,123.36
2018-08-22,"Waxing",24.16666667,93,156,522.95
2018-08-23,"Full",26.38888889,138,82,29.13
2018-08-24,"Full",27.5,159,88,483.5
2018-08-24,"Full",27.5,31,215,195
2018-08-24,"Full",27.5,64,35,1859
2018-08-25,"Full",30,48,199,1924.27
2018-08-25,"Full",30,88,36,25
2018-08-26,"Full",27.5,120,73,1777
2018-08-26,"Full",27.5,166,124,1264.96
2018-08-26,"Full",27.5,165,151,132
2018-08-27,"Full",28.61111111,94,208,80.83
2018-08-27,"Full",28.61111111,166,41,301
2018-08-27,"Full",28.61111111,180,122,40.78
2018-08-28,"Full",28.61111111,132,215,4.67
2018-08-28,"Full",28.61111111,158,110,258.25
2018-08-29,"Full",28.33333333,146,170,59.26
2018-08-29,"Full",28.33333333,224,174,146.73
2018-09-02,"Waning",26.11111111,274,81,449.4
2018-09-06,"Waning",27.5,0,203,1690.82
2018-09-07,"New",27.77777778,21,111,237.25
2018-09-08,"New",29.44444444,30,171,20
2018-09-11,"New",29.44444444,0,161,319.42
2018-09-11,"New",29.44444444,134,220,866
2018-09-12,"New",29.44444444,12,146,276.7
2018-09-12,"New",29.44444444,76,11,491.07
2018-09-12,"New",29.44444444,138,92,903
2018-09-12,"New",29.44444444,138,92,177.44
2018-09-13,"New",28.61111111,31,96,901
2018-09-13,"New",28.61111111,226,199,2455
2018-09-13,"New",28.61111111,172,117,453.4
2018-09-14,"Waxing",27.77777778,45,150,202
2018-09-14,"Waxing",27.77777778,110,229,412.82
2018-09-14,"Waxing",27.77777778,235,85,575
2018-09-14,"Waxing",27.77777778,195,171,405
2018-09-15,"Waxing",29.16666667,52,165,205
2018-09-15,"Waxing",29.16666667,123,38,185.05
2018-09-15,"Waxing",29.16666667,243,50,280.87
2018-09-16,"Waxing",29.16666667,34,172,73.33
2018-09-16,"Waxing",29.16666667,72,81,100
2018-09-16,"Waxing",29.16666667,132,107,193.2
2018-09-16,"Waxing",29.16666667,34,172,118
2018-09-17,"Waxing",29.16666667,53,159,40.82
2018-09-17,"Waxing",29.16666667,88,187,119.2
2018-09-17,"Waxing",29.16666667,138,172,305.98
2018-09-18,"Waxing",31.11111111,94,124,98
2018-09-18,"Waxing",31.11111111,158,25,877
2018-09-19,"Waxing",28.05555556,109,146,143.14
2018-09-20,"Waxing",26.66666667,127,135,155.88
2018-09-20,"Waxing",26.66666667,195,137,215.74
2018-09-21,"Waxing",26.11111111,133,120,160
2018-09-22,"Full",26.66666667,146,107,69.61
2018-09-22,"Full",26.66666667,249,119,249.09
2018-09-23,"Full",27.77777778,169,88,195.73
2018-09-23,"Full",27.77777778,274,31,219
2018-09-24,"Full",27.5,190,70,429.63
2018-09-25,"Full",26.38888889,222,204,42.97
2018-09-26,"Full",25.83333333,9,279,302.78
2018-09-27,"Full",25.27777778,24,266,696.58
2018-09-28,"Full",26.38888889,35,227,481.48
2018-09-30,"Waning",26.94444444,54,274,769
2018-10-03,"Waning",24.16666667,120,34,7.77
2018-10-04,"Waning",22.5,94,469,458
2018-10-06,"New",20,243,11,7.96
2018-10-07,"New",16.11111111,172,13,19
2018-10-31,"Waning",14.44444444,231,35,160.19
2019-04-02,"New",16.94444444,38,49,3
2019-04-02,"New",16.94444444,-9,188,218
2019-04-02,"New",16.94444444,0,107,47.62
2019-04-03,"New",19.44444444,-9,185,466.1
2019-04-03,"New",19.44444444,44,125,7394.44
2019-04-03,"New",19.44444444,6,137,10.68
2019-04-04,"New",18.05555556,57,41,826.85
2019-04-04,"New",18.05555556,34,135,129.13
2019-04-05,"New",18.88888889,61,52,2.86
2019-04-06,"New",20.83333333,32,92,294.12
2019-04-06,"New",20.83333333,89,31,0
2019-04-07,"New",19.72222222,231,135,0
2019-04-08,"New",21.38888889,123,17,785
2019-04-08,"New",21.38888889,127,69,4.17
2019-04-09,"Waxing",22.22222222,39,3,84.54
2019-04-09,"Waxing",22.22222222,165,76,239.78
2019-04-10,"Waxing",17.22222222,44,13,303
2019-04-10,"Waxing",17.22222222,186,149,8.82
2019-04-11,"Waxing",13.88888889,0,87,462.96
2019-04-11,"Waxing",13.88888889,48,152,79.63
2019-04-11,"Waxing",13.88888889,209,228,110
2019-04-11,"Waxing",13.88888889,226,231,117.8
2019-04-12,"Waxing",14.16666667,11,97,86
2019-04-12,"Waxing",14.16666667,50,207,403.2
2019-04-12,"Waxing",14.16666667,209,12,1609.52
2019-04-12,"Waxing",14.16666667,-11,10,31
2019-04-13,"Waxing",15,-6,68,119.42
2019-04-13,"Waxing",15,75,134,57
2019-04-13,"Waxing",15,248,273,48.45
2019-04-14,"Waxing",19.16666667,108,198,19.61
2019-04-14,"Waxing",19.16666667,270,95,13
2019-04-15,"Waxing",19.16666667,53,152,1475.49
2019-04-15,"Waxing",19.16666667,127,169,10
2019-04-16,"Full",19.16666667,151,57,261
2019-04-17,"Full",18.88888889,235,140,323.64
2019-04-17,"Full",18.88888889,72,101,56.52
2019-04-18,"Full",20.55555556,252,108,767
2019-04-18,"Full",20.55555556,85,57,170.1
2019-04-18,"Full",20.55555556,199,226,730
2019-04-19,"Full",22.22222222,85,47,2.78
2019-04-19,"Full",22.22222222,274,130,852.38
2019-04-19,"Full",22.22222222,92,35,35
2019-04-19,"Full",22.22222222,216,86,512
2019-04-20,"Full",22.5,86,181,99.03
2019-04-20,"Full",22.5,110,31,39
2019-04-20,"Full",22.5,32,146,2447
2019-04-20,"Full",22.5,250,159,1
2019-04-22,"Full",20.83333333,133,29,3235
2019-04-23,"Full",21.66666667,138,77,140.87
2019-04-23,"Full",21.66666667,85,114,277
2019-04-24,"Waning",23.05555556,145,121,678
2019-04-24,"Waning",23.05555556,235,77,400.88
2019-04-25,"Waning",23.75,249,53,50
2019-04-26,"Waning",23.75,274,111,2578.1
2019-04-26,"Waning",23.75,132,121,62.75
2019-04-26,"Waning",23.75,0,131,225.24
2019-04-26,"Waning",23.75,17,145,180
2019-04-27,"Waning",24.44444444,202,62,22.33
2019-04-27,"Waning",24.44444444,32,216,530
2019-04-27,"Waning",24.44444444,11,174,291.26
2019-04-28,"Waning",25.55555556,220,127,229.27
2019-04-28,"Waning",25.55555556,48,249,140
2019-04-28,"Waning",25.55555556,145,131,5.88
2019-04-28,"Waning",25.55555556,24,125,6.67
2019-04-29,"Waning",22.77777778,41,36,433.83
2019-04-30,"Waning",19.72222222,190,135,28.16
2019-04-30,"Waning",19.72222222,48,255,104.27
2019-05-01,"New",21.11111111,216,125,27
2019-05-01,"New",21.11111111,109,193,696
2019-05-01,"New",21.11111111,57,165,162.61
2019-05-02,"New",20.83333333,64,66,1801
2019-05-02,"New",20.83333333,127,145,6
2019-05-02,"New",20.83333333,32,131,80
2019-05-02,"New",20.83333333,66,200,122.13
2019-05-02,"New",20.83333333,0,153,377.32
2019-05-02,"New",20.83333333,41,26,356
2019-05-03,"New",21.11111111,61,100,1090
2019-05-03,"New",21.11111111,61,100,49.02
2019-05-03,"New",21.11111111,61,100,860.78
2019-05-03,"New",21.11111111,93,213,140.78
2019-05-03,"New",21.11111111,11,235,92.23
2019-05-04,"New",22.5,61,159,1879.09
2019-05-04,"New",22.5,62,2,1303
2019-05-04,"New",22.5,64,163,166
2019-05-04,"New",22.5,146,211,253.27
2019-05-04,"New",22.5,61,159,0
2019-05-04,"New",22.5,61,159,214
2019-05-04,"New",22.5,110,99,55.12
2019-05-04,"New",22.5,14,175,914.71
2019-05-04,"New",22.5,62,2,208.8
2019-05-05,"New",23.88888889,64,174,510.71
2019-05-05,"New",23.88888889,61,31,154.14
2019-05-05,"New",23.88888889,165,231,7.62
2019-05-05,"New",23.88888889,61,31,92
2019-05-05,"New",23.88888889,61,31,44.9
2019-05-05,"New",23.88888889,126,35,14.29
2019-05-05,"New",23.88888889,25,180,5.88
2019-05-05,"New",23.88888889,21,44,3.81
2019-05-06,"New",23.05555556,64,104,141.82
2019-05-06,"New",23.05555556,61,23,169
2019-05-06,"New",23.05555556,61,23,1.87
2019-05-06,"New",23.05555556,61,23,119
2019-05-06,"New",23.05555556,97,6,218.33
2019-05-06,"New",23.05555556,183,151,237.86
2019-05-06,"New",23.05555556,41,78,34.31
2019-05-07,"New",20,60,13,73.2
2019-05-07,"New",20,144,62,20.37
2019-05-07,"New",20,60,13,45.71
2019-05-08,"Waxing",19.44444444,17,110,131.07
2019-05-08,"Waxing",19.44444444,93,117,282
2019-05-08,"Waxing",19.44444444,165,169,10
2019-05-08,"Waxing",19.44444444,70,253,6.8
2019-05-08,"Waxing",19.44444444,57,141,7
2019-05-09,"Waxing",18.61111111,66,97,101
2019-05-09,"Waxing",18.61111111,35,146,23.15
2019-05-09,"Waxing",18.61111111,180,27,32.74
2019-05-09,"Waxing",18.61111111,70,64,19.39
2019-05-09,"Waxing",18.61111111,66,97,886
2019-05-10,"Waxing",18.05555556,151,54,472
2019-05-10,"Waxing",18.05555556,159,65,18.58
2019-05-10,"Waxing",18.05555556,200,221,75
2019-05-10,"Waxing",18.05555556,85,5,158.88
2019-05-11,"Waxing",18.88888889,108,15,143
2019-05-11,"Waxing",18.88888889,65,142,14
2019-05-11,"Waxing",18.88888889,214,109,1193.14
2019-05-11,"Waxing",18.88888889,180,182,5.71
2019-05-11,"Waxing",18.88888889,220,56,1635.71
2019-05-11,"Waxing",18.88888889,108,15,62.73
2019-05-12,"Waxing",20.83333333,76,61,31
2019-05-12,"Waxing",20.83333333,-9,46,235.79
2019-05-12,"Waxing",20.83333333,215,46,11.34
2019-05-12,"Waxing",20.83333333,215,46,167
2019-05-12,"Waxing",20.83333333,123,198,31.82
2019-05-12,"Waxing",20.83333333,124,142,844.86
2019-05-13,"Waxing",23.61111111,189,72,140.87
2019-05-13,"Waxing",23.61111111,215,55,209
2019-05-13,"Waxing",23.61111111,215,55,19
2019-05-13,"Waxing",23.61111111,134,62,379
2019-05-13,"Waxing",23.61111111,135,55,935.19
2019-05-13,"Waxing",23.61111111,17,98,833.64
2019-05-14,"Waxing",24.16666667,215,31,132
2019-05-14,"Waxing",24.16666667,215,31,39
2019-05-14,"Waxing",24.16666667,172,181,682
2019-05-14,"Waxing",24.16666667,31,161,172
2019-05-14,"Waxing",24.16666667,121,141,177.45
2019-05-15,"Waxing",24.72222222,212,83,653.57
2019-05-15,"Waxing",24.72222222,-9,36,4.23
2019-05-15,"Waxing",24.72222222,215,35,60.78
2019-05-15,"Waxing",24.72222222,215,35,48
2019-05-15,"Waxing",24.72222222,165,104,59
2019-05-15,"Waxing",24.72222222,172,204,14.29
2019-05-16,"Full",22.22222222,180,66,42.16
2019-05-16,"Full",22.22222222,208,152,18.63
2019-05-16,"Full",22.22222222,0,247,241.74
2019-05-17,"Full",22.22222222,199,175,15
2019-05-17,"Full",22.22222222,224,226,78.64
2019-05-17,"Full",22.22222222,17,171,2615.53
2019-05-17,"Full",22.22222222,87,156,4.9
2019-05-18,"Full",19.16666667,212,172,87
2019-05-18,"Full",19.16666667,222,192,371.82
2019-05-18,"Full",19.16666667,224,206,180
2019-05-18,"Full",19.16666667,180,166,7.84
2019-05-19,"Full",16.66666667,281,154,222
2019-05-19,"Full",16.66666667,121,4,7.08
2019-05-20,"Full",12.5,-11,95,21.37
2019-05-20,"Full",12.5,212,69,158
2019-05-20,"Full",12.5,220,111,139.81
2019-05-20,"Full",12.5,138,68,180.39
2019-05-21,"Full",19.16666667,243,88,0
2019-05-21,"Full",19.16666667,-6,31,23.64
2019-05-21,"Full",19.16666667,99,21,341.18
2019-05-23,"Waning",12.77777778,-11,5,87
2019-05-23,"Waning",12.77777778,0,137,105.61
2019-05-23,"Waning",12.77777778,146,5,23
2019-05-23,"Waning",12.77777778,209,168,2.56
2019-05-24,"Waning",16.94444444,-11,106,1575
2019-05-24,"Waning",16.94444444,11,181,82
2019-05-24,"Waning",16.94444444,167,106,25
2019-05-24,"Waning",16.94444444,243,131,3147
2019-05-25,"Waning",20,27,144,437
2019-05-25,"Waning",20,199,209,575.56
2019-05-26,"Waning",19.44444444,41,101,1049
2019-05-26,"Waning",19.44444444,45,170,47.97
2019-05-27,"Waning",17.22222222,53,227,151.45
2019-05-27,"Waning",17.22222222,239,37,181.25
2019-05-28,"Waning",16.66666667,12,120,244
2019-05-28,"Waning",16.66666667,68,74,42.16
2019-05-29,"Waning",20.27777778,96,47,38.83
2019-05-29,"Waning",20.27777778,88,103,8
2019-05-29,"Waning",20.27777778,32,104,442.86
2019-05-30,"Waning",20.27777778,44,148,280.39
2019-05-30,"Waning",20.27777778,94,196,183
2019-05-30,"Waning",20.27777778,54,142,876.47
2019-05-31,"New",23.33333333,120,79,176
2019-05-31,"New",23.33333333,82,204,4.35
2019-06-01,"New",23.61111111,132,36,177.55
2019-06-02,"New",24.16666667,167,129,528
2019-06-02,"New",24.16666667,92,98,375
2019-06-02,"New",24.16666667,145,69,78
2019-06-03,"New",25,165,68,555.56
2019-06-03,"New",25,109,126,64.71
2019-06-03,"New",25,109,126,3
2019-06-04,"New",25.55555556,17,80,45.79
2019-06-04,"New",25.55555556,183,147,81
2019-06-04,"New",25.55555556,119,130,12
2019-06-05,"New",26.11111111,138,155,22.55
2019-06-06,"New",27.22222222,220,141,45.54
2019-06-06,"New",27.22222222,149,45,315.69
2019-06-07,"Waxing",28.05555556,53,65,115.05
2019-06-07,"Waxing",28.05555556,0,176,105.83
2019-06-07,"Waxing",28.05555556,165,101,107
2019-06-08,"Waxing",28.05555556,68,17,264.81
2019-06-08,"Waxing",28.05555556,36,62,318.69
2019-06-09,"Waxing",26.94444444,53,164,353
2019-06-09,"Waxing",26.94444444,216,53,599.03
2019-06-10,"Waxing",30.27777778,17,171,323.64
2019-06-10,"Waxing",30.27777778,97,15,183.5
2019-06-10,"Waxing",30.27777778,72,114,1617.86
2019-06-11,"Waxing",28.61111111,32,44,62.89
2019-06-11,"Waxing",28.61111111,120,120,87.62
2019-06-11,"Waxing",28.61111111,109,181,1027
2019-06-12,"Waxing",29.16666667,44,48,89.17
2019-06-12,"Waxing",29.16666667,122,118,603.06
2019-06-12,"Waxing",29.16666667,135,8,398.04
2019-06-12,"Waxing",29.16666667,135,8,695
2019-06-13,"Waxing",30.27777778,63,123,826
2019-06-13,"Waxing",30.27777778,138,106,996.36
2019-06-13,"Waxing",30.27777778,139,59,308.74
2019-06-13,"Waxing",30.27777778,145,14,890.48
2019-06-14,"Full",30,157,29,220.41
2019-06-14,"Full",30,178,123,745.54
2019-06-15,"Full",28.61111111,96,43,242.72
2019-06-15,"Full",28.61111111,222,197,427.96
2019-06-15,"Full",28.61111111,222,197,1000
2019-06-16,"Full",28.88888889,119,150,812.38
2019-06-17,"Full",30.83333333,58,166,342.73
2019-06-17,"Full",30.83333333,137,51,193.52
2019-06-17,"Full",30.83333333,220,66,290.18
2019-06-18,"Full",29.44444444,63,195,447.2
2019-06-18,"Full",29.44444444,149,82,1046.36
2019-06-19,"Full",29.16666667,89,131,45.37
2019-06-19,"Full",29.16666667,165,37,102
2019-06-20,"Full",30.27777778,100,175,1040.71
2019-06-20,"Full",30.27777778,183,189,873.53
2019-06-21,"Full",29.44444444,213,36,1263
2019-06-22,"Waning",27.22222222,134,67,543.22
2019-06-23,"Waning",26.94444444,0,109,38.1
2019-06-24,"Waning",26.94444444,158,107,874.07
2019-06-25,"Waning",28.88888889,19,110,178.1
2019-06-26,"Waning",29.72222222,32,147,439.78
2019-06-27,"Waning",30.27777778,222,112,625.24
2019-06-27,"Waning",30.27777778,17,197,179.59
2019-06-27,"Waning",30.27777778,48,191,168.63
2019-06-28,"Waning",30,65,40,816.19
2019-06-28,"Waning",30,35,97,447.06
2019-06-29,"New",31.11111111,54,195,400
2019-06-29,"New",31.11111111,89,65,235.79
2019-06-30,"New",30.83333333,97,33,243.44
2019-07-01,"New",21.66666667,121,104,501
2019-07-01,"New",21.66666667,116,31,349.02
2019-07-02,"New",21.66666667,109,70,5.56
2019-07-02,"New",21.66666667,138,179,162.62
2019-07-03,"New",21.66666667,159,132,829.57
2019-07-03,"New",21.66666667,139,74,105
2019-07-03,"New",21.66666667,48,250,2587.27
2019-07-03,"New",21.66666667,119,191,553.4
2019-07-04,"New",22.77777778,152,100,503.92
2019-07-04,"New",22.77777778,134,72,42
2019-07-05,"New",20,213,62,85.71
2019-07-05,"New",20,167,42,16.67
2019-07-05,"New",20,109,212,428
2019-07-05,"New",20,137,131,11.65
2019-07-06,"Waxing",20,159,146,87
2019-07-07,"Waxing",22.22222222,216,95,211.22
2019-07-07,"Waxing",22.22222222,183,249,206.86
2019-07-08,"Waxing",23.33333333,186,320,71.67
2019-07-11,"Waxing",21.11111111,26,326,1568.8
2019-07-11,"Waxing",21.11111111,12,153,307.84
2019-07-12,"Waxing",22.77777778,54,175,360.87
2019-07-12,"Waxing",22.77777778,24,30,252.99
2019-07-14,"Full",23.88888889,11,253,284.69
2019-07-15,"Full",22.77777778,35,211,5032.04
2019-07-15,"Full",22.77777778,21,42,377.45
2019-07-16,"Full",23.33333333,54,199,640
2019-07-16,"Full",23.33333333,63,103,200
2019-07-16,"Full",23.33333333,41,17,423.47
2019-07-17,"Full",23.88888889,72,249,830.77
2019-07-17,"Full",23.88888889,31,107,1177.45
2019-07-17,"Full",23.88888889,89,71,189
2019-07-17,"Full",23.88888889,63,106,132.71
2019-07-18,"Full",26.11111111,88,239,347.69
2019-07-18,"Full",26.11111111,41,45,358.16
2019-07-18,"Full",26.11111111,99,110,297.06
2019-07-18,"Full",26.11111111,85,138,624.55
2019-07-19,"Full",24.44444444,53,127,2926.53
2019-07-19,"Full",24.44444444,115,159,530.1
2019-07-19,"Full",24.44444444,99,47,114.56
2019-07-20,"Full",23.33333333,69,89,9618.37
2019-07-20,"Full",23.33333333,126,148,1204
2019-07-20,"Full",23.33333333,124,128,694.12
2019-07-21,"Waning",22.22222222,132,216,50
2019-07-21,"Waning",22.22222222,88,118,269.52
2019-07-21,"Waning",22.22222222,138,175,1185.26
2019-07-21,"Waning",22.22222222,135,164,812.15
2019-07-22,"Waning",22.22222222,158,137,429
2019-07-22,"Waning",22.22222222,152,60,719.35
2019-07-23,"Waning",27.77777778,137,241,251.85
2019-07-23,"Waning",27.77777778,181,118,732
2019-07-23,"Waning",27.77777778,165,124,375
2019-07-23,"Waning",27.77777778,119,73,293.14
2019-07-24,"Waning",26.66666667,137,136,1276
2019-07-24,"Waning",26.66666667,200,46,483.33
2019-07-24,"Waning",26.66666667,189,62,122.33
2019-07-25,"Waning",23.33333333,169,101,1095
2019-07-25,"Waning",23.33333333,144,123,144.25
2019-07-26,"Waning",23.33333333,149,83,2704.9
2019-07-26,"Waning",23.33333333,44,202,2380
2019-07-27,"Waning",23.88888889,176,115,436.73
2019-07-29,"New",24.44444444,220,70,383
2019-07-31,"New",22.22222222,20,148,69.03
2019-08-05,"Waxing",32.22222222,19,91,758.93
2019-08-06,"Waxing",32.22222222,45,146,104
2019-08-08,"Waxing",31.66666667,88,102,107.77
2019-08-10,"Waxing",29.16666667,17,69,290.82
2019-08-10,"Waxing",29.16666667,108,177,1072.22
2019-08-11,"Waxing",31.66666667,134,128,2304.9
2019-08-13,"Full",30.83333333,65,155,780
2019-08-13,"Full",30.83333333,17,167,354.37
2019-08-14,"Full",31.38888889,31,134,1213
2019-08-14,"Full",31.38888889,183,187,2583.33
2019-08-14,"Full",31.38888889,31,134,1154
2019-08-15,"Full",32.22222222,97,156,992.52
2019-08-15,"Full",32.22222222,31,174,786
2019-08-16,"Full",31.66666667,119,144,863.81
2019-08-16,"Full",31.66666667,31,192,782.05
2019-08-16,"Full",31.66666667,23,104,854.08
2019-08-17,"Full",31.66666667,136,165,185.29
2019-08-17,"Full",31.66666667,65,86,801.87
2019-08-17,"Full",31.66666667,31,144,412
2019-08-18,"Full",30.83333333,108,141,788.24
2019-08-18,"Full",30.83333333,138,176,87.38
2019-08-18,"Full",30.83333333,88,229,17.95
2019-08-18,"Full",30.83333333,60,158,2922
2019-08-18,"Full",30.83333333,58,186,218.58
2019-08-19,"Full",31.38888889,152,92,303.66
2019-08-19,"Full",31.38888889,108,188,548.21
2019-08-19,"Full",31.38888889,21,123,275.73
2019-08-19,"Full",31.38888889,60,175,2804
2019-08-20,"Waning",31.94444444,21,113,460
2019-08-20,"Waning",31.94444444,165,139,1415.69
2019-08-20,"Waning",31.94444444,125,180,1400
2019-08-20,"Waning",31.94444444,44,222,7487.38
2019-08-21,"Waning",31.38888889,53,105,337.63
2019-08-21,"Waning",31.38888889,190,153,131.3
2019-08-21,"Waning",31.38888889,138,127,90
2019-08-21,"Waning",31.38888889,92,92,440
2019-08-21,"Waning",31.38888889,88,89,61
2019-08-22,"Waning",30.83333333,16,86,1080
2019-08-22,"Waning",30.83333333,76,118,399.03
2019-08-22,"Waning",30.83333333,220,203,240.18
2019-08-22,"Waning",30.83333333,145,164,120
2019-08-22,"Waning",30.83333333,88,90,335.9
2019-08-22,"Waning",30.83333333,144,156,724
2019-08-23,"Waning",32.77777778,41,36,7572.45
2019-08-23,"Waning",32.77777778,115,102,538.14
2019-08-23,"Waning",32.77777778,152,154,54.55
2019-08-23,"Waning",32.77777778,97,118,976.14
2019-08-23,"Waning",32.77777778,144,131,327.35
2019-08-24,"Waning",33.05555556,54,98,385.05
2019-08-24,"Waning",33.05555556,169,173,380.37
2019-08-24,"Waning",33.05555556,120,197,2004
2019-08-24,"Waning",33.05555556,156,67,88
2019-08-25,"Waning",32.22222222,66,186,201.48
2019-08-25,"Waning",32.22222222,190,101,348.04
2019-08-25,"Waning",32.22222222,132,183,1066.99
2019-08-25,"Waning",32.22222222,166,188,121.3
2019-08-26,"Waning",32.5,92,25,3571
2019-08-26,"Waning",32.5,220,115,276.79
2019-08-26,"Waning",32.5,146,104,563.22
2019-08-26,"Waning",32.5,166,168,613
2019-08-27,"New",32.5,110,93,932.38
2019-08-27,"New",32.5,166,76,240
2019-08-28,"New",32.5,132,176,82.52
2019-08-28,"New",32.5,183,11,327.83
2019-08-28,"New",32.5,224,192,39
2019-08-29,"New",32.5,132,223,313.39
2019-08-29,"New",32.5,213,96,229
2019-08-30,"New",32.5,138,162,141
2019-08-30,"New",32.5,0,109,787.96
2019-08-31,"New",31.94444444,145,219,316.95
2019-09-01,"New",31.94444444,167,72,88
2019-09-01,"New",31.94444444,35,115,822.73
2019-09-02,"New",33.88888889,190,203,18873
2019-09-02,"New",33.88888889,48,102,761.86
2019-09-03,"New",31.66666667,216,145,1070.59
2019-09-06,"Waxing",30.27777778,115,119,362
2019-09-07,"Waxing",31.38888889,34,140,2192.78
2019-09-07,"Waxing",31.38888889,121,111,110.78
2019-09-08,"Waxing",30.83333333,59,148,1228
2019-09-08,"Waxing",30.83333333,8,52,154.21
2019-09-08,"Waxing",30.83333333,137,113,258.82
2019-09-09,"Waxing",27.22222222,26,219,488.89
2019-09-09,"Waxing",27.22222222,88,63,303.76
2019-09-09,"Waxing",27.22222222,146,178,30
2019-09-10,"Waxing",30.55555556,41,204,786.92
2019-09-10,"Waxing",30.55555556,30,159,499.05
2019-09-11,"Full",27.77777778,58,225,181.67
2019-09-12,"Full",26.38888889,76,210,70
2019-09-12,"Full",26.38888889,127,172,228.04
2019-09-12,"Full",26.38888889,53,219,6748.18
2019-09-12,"Full",26.38888889,216,146,93
2019-09-13,"Full",28.61111111,92,216,1420.37
2019-09-13,"Full",28.61111111,65,116,5308
2019-09-14,"Full",28.88888889,85,171,696.12
2019-09-15,"Full",28.61111111,99,112,121.43
2019-09-15,"Full",28.61111111,0,120,9
2019-09-16,"Full",28.33333333,110,287,565
2019-09-16,"Full",28.33333333,109,281,385.04
2019-09-16,"Full",28.33333333,12,132,413
2019-09-17,"Full",30.27777778,145,73,585.44
2019-09-17,"Full",30.27777778,21,140,269
2019-09-18,"Waning",27.22222222,165,203,987.38
2019-09-18,"Waning",27.22222222,41,97,214
2019-09-18,"Waning",27.22222222,239,93,161.11
2019-09-18,"Waning",27.22222222,134,167,209.52
2019-09-19,"Waning",26.66666667,135,80,375
2019-09-19,"Waning",26.66666667,50,113,3187
2019-09-20,"Waning",25.27777778,21,106,45.63
2019-09-20,"Waning",25.27777778,11,210,129.27
2019-09-21,"Waning",23.05555556,41,120,79.33
2019-09-21,"Waning",23.05555556,30,148,315.38
2019-09-22,"Waning",23.88888889,48,167,115.93
2019-09-22,"Waning",23.88888889,44,256,1071.79
2019-09-23,"Waning",25,134,58,174
2019-09-23,"Waning",25,34,73,100
2019-09-23,"Waning",25,63,48,25.3
2019-09-23,"Waning",25,44,113,847.5
2019-09-24,"Waning",24.44444444,134,159,2404
2019-09-24,"Waning",24.44444444,85,93,186.41
2019-09-24,"Waning",24.44444444,57,225,624.11
2019-09-25,"Waning",25,161,136,797
2019-09-25,"Waning",25,66,244,297.09
2019-09-26,"New",26.66666667,183,128,453
2019-09-27,"New",24.44444444,127,184,153.91
2019-09-27,"New",24.44444444,199,147,165
2019-09-28,"New",27.22222222,119,44,6.8
2019-09-28,"New",27.22222222,139,148,293.7
2019-09-28,"New",27.22222222,220,121,97
2019-09-29,"New",26.11111111,159,36,43.37
2019-09-30,"New",22.77777778,146,352,134.51
2019-09-30,"New",22.77777778,231,83,289.81
2019-10-01,"New",30.55555556,239,64,12
2019-10-02,"New",20.55555556,239,159,105.71
2019-10-02,"New",20.55555556,220,136,27.37
2019-10-04,"Waxing",22.77777778,250,129,153.33
2019-10-05,"Waxing",22.22222222,9,199,280.58
2019-10-05,"Waxing",22.22222222,250,141,131.62
2019-10-05,"Waxing",22.22222222,178,65,506.4
2019-10-06,"Waxing",21.94444444,11,238,1157
2019-10-06,"Waxing",21.94444444,24,78,621
2019-10-06,"Waxing",21.94444444,195,217,153.79
2019-10-07,"Waxing",24.16666667,31,177,219
2019-10-07,"Waxing",24.16666667,35,212,881.55
2019-10-07,"Waxing",24.16666667,209,252,578.81
2019-10-08,"Waxing",23.05555556,44,212,1870.48
2019-10-08,"Waxing",23.05555556,209,283,394.81
2019-10-09,"Waxing",23.61111111,220,100,136.27
2019-10-09,"Waxing",23.61111111,50,225,4572
2019-10-09,"Waxing",23.61111111,56,219,1401
2019-10-10,"Full",22.22222222,58,127,61.17
2019-10-10,"Full",22.22222222,72,182,20.59
2019-10-11,"Full",17.22222222,70,61,15.24
2019-10-11,"Full",17.22222222,88,224,135
2019-10-12,"Full",19.72222222,85,107,124.17
2019-10-12,"Full",19.72222222,94,196,76
2019-10-13,"Full",18.61111111,92,235,1419.67
2019-10-14,"Full",19.16666667,109,256,342.52
2019-10-14,"Full",19.16666667,14,255,1100
2019-10-15,"Full",21.38888889,122,307,594.92
2019-10-15,"Full",21.38888889,127,193,235
2019-10-15,"Full",21.38888889,26,268,208.33
2019-10-16,"Full",21.11111111,135,323,303.33
2019-10-17,"Full",22.77777778,50,118,5088.18
2019-10-18,"Waning",21.66666667,65,195,328
2019-10-18,"Waning",21.66666667,180,147,168.93
2019-10-19,"Waning",18.88888889,202,215,144.07
2019-10-20,"Waning",20,223,181,169
2019-10-21,"Waning",17.5,108,200,516
2019-10-22,"Waning",18.61111111,115,171,1041.67
2019-10-23,"Waning",18.61111111,134,226,406.06
2019-10-24,"Waning",18.61111111,146,182,182.48
2019-10-27,"New",16.38888889,190,70,32.12
2020-06-28,"Waxing",32.5,11,156,10
2020-06-29,"Waxing",30.83333333,17,193,42.16
2020-06-29,"Waxing",30.83333333,24,173,200
2020-06-30,"Waxing",27.77777778,41,97,33.33
2020-06-30,"Waxing",27.77777778,48,157,261.22
2020-07-01,"Waxing",29.44444444,66,204,3256.25
2020-07-02,"Full",30.83333333,85,290,1473.91
2020-07-03,"Full",31.66666667,97,49,11.76
2020-07-03,"Full",31.66666667,130,167,449.11
2020-07-04,"Full",31.11111111,119,201,72.31
2020-07-05,"Full",33.33333333,132,188,0.93
2020-07-06,"Full",33.33333333,146,166,686.32
2020-07-06,"Full",33.33333333,226,180,231
2020-07-07,"Full",32.5,165,214,1396.08
2020-07-07,"Full",32.5,0,83,671.3
2020-07-08,"Full",33.33333333,180,44,1862.62
2020-07-08,"Full",33.33333333,17,162,107.37
2020-07-09,"Full",33.61111111,213,89,199.05
2020-07-09,"Full",33.61111111,27,121,228.16
2020-07-11,"Waning",36.38888889,35,119,477.78
2020-07-12,"Waning",34.72222222,85,144,1216.67
2020-07-12,"Waning",34.72222222,64,82,808.7
2020-07-12,"Waning",34.72222222,52,107,302.73
2020-07-13,"Waning",36.11111111,104,108,784.47
2020-07-13,"Waning",36.11111111,115,104,1146.6
2020-07-14,"Waning",35.27777778,97,31,657.52
2020-07-14,"Waning",35.27777778,26,172,321
2020-07-15,"Waning",35,147,97,195.83
2020-07-15,"Waning",35,48,198,1363.11
2020-07-16,"Waning",35,151,131,739.81
2020-07-16,"Waning",35,138,144,328.7
2020-07-16,"Waning",35,75,209,83.74
2020-07-17,"New",34.16666667,210,230,1399.05
2020-07-17,"New",34.16666667,0,206,10.68
2020-07-17,"New",34.16666667,165,104,475.24
2020-07-17,"New",34.16666667,119,160,36
2020-07-18,"New",34.44444444,17,128,57.5
2020-07-18,"New",34.44444444,175,32,755.56
2020-07-18,"New",34.44444444,145,211,181.55
2020-07-19,"New",33.88888889,212,189,1994.02
2020-07-19,"New",33.88888889,199,141,308.57
2020-07-19,"New",33.88888889,180,182,6.12
2020-07-20,"New",34.44444444,212,145,4074.07
2020-07-20,"New",34.44444444,220,84,1670.41
2020-07-20,"New",34.44444444,17,197,661.68
2020-07-21,"New",32.77777778,53,237,7562.5
2020-07-21,"New",32.77777778,31,194,1501.85
2020-07-22,"New",32.22222222,69,98,503.61
2020-07-22,"New",32.22222222,17,181,432.95
2020-07-22,"New",32.22222222,44,171,1647.96
2020-07-24,"Waxing",28.61111111,48,199,740.21
2020-07-24,"Waxing",28.61111111,26,197,330.48
2020-07-24,"Waxing",28.61111111,88,368,130.39
2020-07-25,"Waxing",29.72222222,119,174,812.75
2020-07-25,"Waxing",29.72222222,63,231,135.77
2020-07-25,"Waxing",29.72222222,52,212,778.64
2020-07-25,"Waxing",29.72222222,96,201,713.68
2020-07-26,"Waxing",31.94444444,88,177,2328.57
2020-07-26,"Waxing",31.94444444,75,212,3527.45
2020-07-26,"Waxing",31.94444444,119,184,951.02
2020-07-27,"Waxing",33.05555556,96,260,818.58
2020-07-27,"Waxing",33.05555556,109,179,1104.46
2020-07-27,"Waxing",33.05555556,138,147,3092.17
2020-07-28,"Waxing",35.27777778,159,186,518.29
2020-07-28,"Waxing",35.27777778,119,190,3946
2020-07-28,"Waxing",35.27777778,138,213,1257.84
2020-07-28,"Waxing",35.27777778,159,186,1177.14
2020-07-29,"Waxing",33.33333333,167,152,621.43
2020-07-29,"Waxing",33.33333333,183,176,2565.05
2020-07-30,"Waxing",34.72222222,220,152,78.57
2020-07-30,"Waxing",34.72222222,146,143,185.29
2020-07-30,"Waxing",34.72222222,216,31,183.33
2020-07-31,"Waxing",34.72222222,159,260,8.93
2020-08-01,"Full",35.27777778,176,206,1258
2020-08-02,"Full",36.11111111,199,283,1364.6
2020-08-03,"Full",36.11111111,216,257,624.51
2020-08-03,"Full",36.11111111,21,70,158.82
2020-08-04,"Full",33.88888889,41,161,119.05
2020-08-05,"Full",34.16666667,65,146,119.05
2020-08-07,"Full",31.38888889,104,216,18.63
2020-08-08,"Waning",31.94444444,126,142,105
2020-08-09,"Waning",32.5,54,13,7373.33
2020-08-09,"Waning",32.5,134,240,30.97
2020-08-10,"Waning",32.5,75,181,58.97
2020-08-10,"Waning",32.5,146,205,83
2020-08-11,"Waning",31.66666667,110,149,781.48
2020-08-11,"Waning",31.66666667,159,211,51.58
2020-08-12,"Waning",33.05555556,31,182,1580
2020-08-13,"Waning",33.05555556,31,162,680
2020-08-13,"Waning",33.05555556,172,140,422.03
2020-08-13,"Waning",33.05555556,213,100,14.4
2020-08-14,"Waning",34.16666667,31,267,2022.33
2020-08-14,"Waning",34.16666667,21,147,298.04
2020-08-15,"Waning",35,61,243,3858.4
2020-08-15,"Waning",35,35,223,458.93
2020-08-17,"New",35,61,254,1783.5
2020-08-17,"New",35,65,176,1792.16
2020-08-18,"New",35.55555556,85,220,1120.56
2020-08-19,"New",35.83333333,88,128,88
2020-08-19,"New",35.83333333,121,171,499.07
2020-08-20,"New",36.11111111,144,72,54
2020-08-20,"New",36.11111111,156,235,241.73
2020-08-20,"New",36.11111111,53,224,2814.81
2020-08-21,"New",36.11111111,144,187,167
2020-08-21,"New",36.11111111,192,125,17.14
2020-08-22,"New",34.72222222,156,168,292.16
2020-08-22,"New",34.72222222,226,207,4.42
2020-08-22,"New",34.72222222,120,103,185.19
2020-08-23,"Waxing",35.55555556,166,149,778.43
2020-08-24,"Waxing",33.88888889,19,142,362.62
2020-08-24,"Waxing",33.88888889,166,225,212
2020-08-25,"Waxing",32.77777778,166,194,320
2020-08-26,"Waxing",33.88888889,50,161,1693.16
2020-08-27,"Waxing",33.61111111,66,181,302
2020-08-27,"Waxing",33.61111111,280,176,317.09
2020-08-28,"Waxing",32.5,77,172,1454.9
2020-08-29,"Waxing",31.11111111,84,198,355
2020-08-30,"Full",30.83333333,109,181,439.22
2020-08-31,"Full",32.77777778,121,133,48.87
2020-09-01,"Full",31.94444444,26,236,121.57
2020-09-01,"Full",31.94444444,132,189,211
2020-09-02,"Full",30.83333333,146,140,204
2020-09-02,"Full",30.83333333,57,190,91.82
2020-09-03,"Full",32.22222222,63,230,553.85
2020-09-03,"Full",32.22222222,88,237,758.76
2020-09-03,"Full",32.22222222,169,185,429.41
2020-09-04,"Full",32.5,190,209,104.63
2020-09-04,"Full",32.5,93,210,469
2020-09-05,"Full",33.05555556,120,273,424.79
2020-09-05,"Full",33.05555556,127,203,772.38
2020-09-06,"Full",33.61111111,158,197,348
2020-09-06,"Full",33.61111111,240,165,98.1
2020-09-06,"Full",33.61111111,161,79,55.14
2020-09-07,"Waning",33.61111111,176,195,695.37
2020-09-08,"Waning",32.22222222,8,17,1.96
2020-09-08,"Waning",32.22222222,180,125,1
2020-09-09,"Waning",20.27777778,190,199,109
2020-09-10,"Waning",21.11111111,47,176,522.45
2020-09-11,"Waning",22.77777778,60,196,834.29
2020-09-12,"Waning",25.83333333,212,220,802.8
2020-09-12,"Waning",25.83333333,72,186,4004.9
2020-09-13,"Waning",26.38888889,88,199,420.39
2020-09-14,"New",28.88888889,97,238,331.37
2020-09-14,"New",28.88888889,17,158,82
2020-09-15,"New",28.61111111,123,191,92.23
2020-09-15,"New",28.61111111,34,159,585.19
2020-09-16,"New",29.16666667,138,228,524.55
2020-09-16,"New",29.16666667,139,224,94.17
2020-09-16,"New",29.16666667,52,183,573.83
2020-09-17,"New",28.88888889,169,216,12
2020-09-18,"New",29.44444444,0,157,90.48
2020-09-18,"New",29.44444444,195,193,291.26
2020-09-19,"New",32.77777778,108,57,78.95
2020-09-19,"New",32.77777778,119,185,225.93
2020-09-19,"New",32.77777778,222,160,185.44
2020-09-20,"New",30.27777778,126,162,118.1
2020-09-20,"New",30.27777778,17,231,128.18
2020-09-20,"New",30.27777778,243,75,0
2020-09-20,"New",30.27777778,132,86,145.63
2020-09-21,"Waxing",29.16666667,255,122,76.7
2020-09-21,"Waxing",29.16666667,145,143,51.96
2020-09-21,"Waxing",29.16666667,35,225,1117.14
2020-09-21,"Waxing",29.16666667,39,119,75.65
2020-09-21,"Waxing",29.16666667,132,89,161.05
2020-09-22,"Waxing",27.5,165,90,49.53
2020-09-22,"Waxing",27.5,52,239,1277.67
2020-09-22,"Waxing",27.5,53,141,2307.37
2020-09-22,"Waxing",27.5,146,171,874.23
2020-09-23,"Waxing",28.05555556,183,205,69.67
2020-09-23,"Waxing",28.05555556,72,241,338
2020-09-23,"Waxing",28.05555556,35,215,730.84
2020-09-23,"Waxing",28.05555556,53,175,675.83
2020-09-24,"Waxing",29.16666667,199,1,520.28
2020-09-24,"Waxing",29.16666667,48,63,144.64
2020-09-24,"Waxing",29.16666667,68,165,236.72
2020-09-25,"Waxing",30,215,168,73.15
2020-09-25,"Waxing",30,94,220,330.56
2020-09-25,"Waxing",30,88,80,21.57
2020-09-26,"Waxing",30.55555556,115,115,81.2
2020-09-26,"Waxing",30.55555556,97,181,186.27
2020-09-27,"Waxing",30.27777778,94,204,49
2020-09-27,"Waxing",30.27777778,115,222,261.82
2020-09-28,"Waxing",30.27777778,121,112,38.24
2020-09-29,"Full",27.22222222,133,154,67.62
2020-09-29,"Full",27.22222222,149,223,61.67
2020-09-30,"Full",26.66666667,145,220,37.04
2020-09-30,"Full",26.66666667,9,183,94.17
2020-10-01,"Full",26.66666667,169,201,168.18
2020-10-01,"Full",26.66666667,190,251,18.85
2020-10-01,"Full",26.66666667,165,82,237.04
2020-10-01,"Full",26.66666667,24,207,226.21
2020-10-02,"Full",26.11111111,190,181,110.78
2020-10-02,"Full",26.11111111,220,231,10.22
2020-10-02,"Full",26.11111111,19,211,232
2020-10-02,"Full",26.11111111,35,179,574.49
2020-10-03,"Full",25.55555556,222,142,320.95
2020-10-03,"Full",25.55555556,44,199,752.17
2020-10-03,"Full",25.55555556,64,219,581.48
2020-10-04,"Full",26.38888889,64,233,416.24
2020-10-05,"Full",26.11111111,64,195,94
2020-10-05,"Full",26.11111111,57,210,435.4
2020-10-06,"Waning",25.83333333,64,239,395.08
2020-10-06,"Waning",25.83333333,17,206,456.19
2020-10-06,"Waning",25.83333333,70,161,32.79
2020-10-07,"Waning",25.27777778,64,211,264.76
2020-10-07,"Waning",25.27777778,32,246,600
2020-10-08,"Waning",25.83333333,64,207,371
2020-10-08,"Waning",25.83333333,48,206,255.28
2020-10-09,"Waning",26.38888889,64,227,360.71
2020-10-09,"Waning",26.38888889,52,272,747.97
2020-10-09,"Waning",26.38888889,119,133,4.62
2020-10-10,"Waning",25.83333333,14,212,95.37
2020-10-10,"Waning",25.83333333,132,103,1.69
2020-10-11,"Waning",26.11111111,22,202,76.27
2020-10-12,"Waning",24.16666667,41,221,567.48
2020-10-12,"Waning",24.16666667,94,202,177.67
2020-10-13,"Waning",24.58333333,50,222,23.73
2020-10-13,"Waning",24.58333333,0,154,201
2020-10-13,"Waning",24.58333333,108,196,159.81
2020-10-13,"Waning",24.58333333,180,219,25.2
2020-10-14,"New",25,63,217,290
2020-10-14,"New",25,8,57,127
2020-10-14,"New",25,133,151,44.88
2020-10-14,"New",25,202,164,126.67
2020-10-15,"New",25.27777778,85,246,131.71
2020-10-15,"New",25.27777778,21,204,319.42
2020-10-15,"New",25.27777778,136,167,187.62
2020-10-16,"New",26.38888889,92,223,275.71
2020-10-16,"New",26.38888889,212,88,256.41
2020-10-16,"New",26.38888889,35,198,1445
2020-10-16,"New",26.38888889,138,152,50.47
2020-10-17,"New",23.05555556,108,273,78.87
2020-10-17,"New",23.05555556,48,176,88.14
2020-10-18,"New",23.88888889,119,198,7.33
2020-10-18,"New",23.88888889,212,80,411.02
2020-10-18,"New",23.88888889,53,137,5964.08
2020-10-18,"New",23.88888889,172,147,41.82
2020-10-19,"New",24.72222222,125,136,2.86
2020-10-19,"New",24.72222222,212,87,310.19
2020-10-19,"New",24.72222222,68,178,346.6
2020-10-19,"New",24.72222222,190,183,62.96
2020-10-20,"New",23.88888889,212,98,128
2020-10-21,"Waxing",23.05555556,92,144,125.71
2020-10-22,"Waxing",25.27777778,110,115,128.18
